id;Название;Ссылка;Цена;Адресс;Застройщик;Время создания
0;2-к квартира, 631 м², 6/17 эт.;https://www.avito.ru//tyumen/kvartiry/2-k_kvartira_631_m_617_et._1833151588;5 200 000  ₽;Квартал «Новин»ул. 50 лет Октября, д. 57Вр-н Ленинский;2 часа назад;2 часа назад
1;2-к квартира, 50 м², 3/24 эт.;https://www.avito.ru//tyumen/kvartiry/2-k_kvartira_50_m_324_et._1940553538;3 275 000  ₽;ЖК «Озёрный парк»ул. Комбинатская/Октябрьская, стр. 248р-н Калининский;Застройщик2 часа назад;2 часа назад
2;3-к квартира, 90.5 м², 2/16 эт.;https://www.avito.ru//tyumen/kvartiry/3-k_kvartira_90.5_m_216_et._1842225694;4 050 000  ₽;ЖР «Ново-Патрушево»ул. Александра Митинского/Федюнинского/Павла Шарова/Федюнинского, ЖР «Ново-Патрушево»р-н Восточный;ОАО Тюменская домостроительная компания2 часа назад;2 часа назад
3;2-к квартира, 56.1 м², 13/16 эт.;https://www.avito.ru//tyumen/kvartiry/2-k_kvartira_56.1_m_1316_et._1842315425;3 000 000  ₽;ЖР «Ново-Патрушево»ул. Александра Митинского/Федюнинского/Павла Шарова/Федюнинского, ЖР «Ново-Патрушево»р-н Восточный;ОАО Тюменская домостроительная компания2 часа назад;2 часа назад
4;1-к квартира, 46 м², 14/16 эт.;https://www.avito.ru//tyumen/kvartiry/1-k_kvartira_46_m_1416_et._1842081891;2 500 000  ₽;ЖР «Ново-Патрушево»ул. Александра Митинского/Федюнинского/Павла Шарова/Федюнинского, ЖР «Ново-Патрушево»р-н Восточный;ОАО Тюменская домостроительная компания2 часа назад;2 часа назад
5;3-к квартира, 92.6 м², 2/10 эт.;https://www.avito.ru//tyumen/kvartiry/3-k_kvartira_92.6_m_210_et._1949655439;5 276 000  ₽;ЖК «Акватория»ул. Павла Никольского, д. 2р-н Ленинский;"ООО ""СЗ СБК""4 часа назад";4 часа назад
6;1-к квартира, 40.1 м², 5/24 эт.;https://www.avito.ru//tyumen/kvartiry/1-k_kvartira_40.1_m_524_et._1877300874;2 620 000  ₽;«Да. Квартал «Республика»ул. Республики, стр. 204, корп. 5р-н Ленинский;"Группа компаний ""Дом""2 часа назад";2 часа назад
7;Студия, 27.6 м², 10/24 эт.;https://www.avito.ru//tyumen/kvartiry/studiya_27.6_m_1024_et._1877277440;1 980 000  ₽;«Да. Квартал «Республика»ул. Республики, стр. 204, корп. 5р-н Ленинский;"Группа компаний ""Дом""2 часа назад";2 часа назад
8;2-к квартира, 65 м², 15/17 эт.;https://www.avito.ru//tyumen/kvartiry/2-k_kvartira_65_m_1517_et._1781139506;4 720 000  ₽;Мкр. «Правобережный»ул. Мельникайте, д. 32р-н Центральный;"Группа компаний ""Дом""2 часа назад";2 часа назад
9;3-к квартира, 80.2 м², 7/17 эт.;https://www.avito.ru//tyumen/kvartiry/3-k_kvartira_80.2_m_717_et._1781165278;6 130 000  ₽;Мкр. «Правобережный»ул. Мельникайте, д. 34, корп. 1р-н Центральный;"Группа компаний ""Дом""2 часа назад";2 часа назад
10;1-к квартира, 48.3 м², 10/17 эт.;https://www.avito.ru//tyumen/kvartiry/1-k_kvartira_48.3_m_1017_et._1781245277;3 860 000  ₽;Мкр. «Правобережный»ул. Мельникайте, д. 34, корп. 1р-н Центральный;"Группа компаний ""Дом""2 часа назад";2 часа назад
11;2-к квартира, 53.3 м², 8/24 эт.;https://www.avito.ru//tyumen/kvartiry/2-k_kvartira_53.3_m_824_et._1877788274;3 460 000  ₽;«Да. Квартал «Республика»ул. Республики, стр. 204, корп. 5р-н Ленинский;"Группа компаний ""Дом""2 часа назад";2 часа назад
12;3-к квартира, 107.3 м², 10/16 эт.;https://www.avito.ru//tyumen/kvartiry/3-k_kvartira_107.3_m_1016_et._1813045880;6 700 000  ₽;«Да. Квартал «Республика»ул. Республики, стр. 204, корп. 4р-н Ленинский;"Группа компаний ""Дом""2 часа назад";2 часа назад
13;2-к квартира, 67.4 м², 16/19 эт.;https://www.avito.ru//tyumen/kvartiry/2-k_kvartira_67.4_m_1619_et._1892991903;4 500 000  ₽;Жилой дом «KRONA» (КРОНА)ул. Линейная, д. 23р-н Восточный;5 часов назад;5 часов назад
14;1-к квартира, 43 м², 12/14 эт.;https://www.avito.ru//tyumen/kvartiry/1-k_kvartira_43_m_1214_et._1876229767;3 350 000  ₽;Широтная ул., 172к3р-н Восточный;52 минуты назад;52 минуты назад
15;2-к квартира, 71 м², 7/16 эт.;https://www.avito.ru//tyumen/kvartiry/2-k_kvartira_71_m_716_et._1945099299;6 490 000  ₽;ЖК «Европейский берег»ул. Газовиков, д. 73р-н Центральный;1 час назад;1 час назад
16;2-к квартира, 64.3 м², 10/10 эт.;https://www.avito.ru//tyumen/kvartiry/2-k_kvartira_64.3_m_1010_et._1949895103;4 595 000  ₽;ЖК «Акватория»ул. Павла Никольского, д. 2р-н Ленинский;"ООО ""СЗ СБК""6 часов назад";6 часов назад
17;2-к квартира, 54.3 м², 5/10 эт.;https://www.avito.ru//tyumen/kvartiry/2-k_kvartira_54.3_m_510_et._1949806416;3 204 000  ₽;ЖК «Акватория»ул. Павла Никольского, д. 4р-н Ленинский;"ООО ""СЗ СБК""2 часа назад";2 часа назад
18;3-к квартира, 93.7 м², 18/19 эт.;https://www.avito.ru//tyumen/kvartiry/3-k_kvartira_93.7_m_1819_et._1932651756;6 530 000  ₽;ЖК «Айвазовский»ул. Пожарных и спасателей, д. 5р-н Центральный;Агентство18 минут назад;18 минут назад
19;1-к квартира, 33 м², 14/16 эт.;https://www.avito.ru//tyumen/kvartiry/1-k_kvartira_33_m_1416_et._1856042378;2 400 000  ₽;ЖК «Горизонт»ул. Мельникайте, д. 2, корп. 8р-н Центральный;17 часов назад;17 часов назад
20;2-к квартира, 48.8 м², 7/19 эт.;https://www.avito.ru//tyumen/kvartiry/2-k_kvartira_48.8_m_719_et._1962161588;2 649 000  ₽;Тальниковая ул., 3р-н Ленинский;Агентство35 минут назад;35 минут назад
21;3-к квартира, 82 м², 11/14 эт.;https://www.avito.ru//tyumen/kvartiry/3-k_kvartira_82_m_1114_et._1962334109;4 900 000  ₽;ул. Революции, 228р-н Калининский;Агентство57 минут назад;57 минут назад
22;2-к квартира, 59 м², 6/20 эт.;https://www.avito.ru//tyumen/kvartiry/2-k_kvartira_59_m_620_et._1962824677;3 650 000  ₽;ул. Вадима Бованенко, 1р-н Калининский;Агентство1 час назад;1 час назад
23;3-к квартира, 78.9 м², 3/17 эт.;https://www.avito.ru//tyumen/kvartiry/3-k_kvartira_78.9_m_317_et._1781347081;5 780 000  ₽;Мкр. «Правобережный», сданул. Мельникайте, д. 32р-н Центральный;"Группа компаний ""Дом""1 час назад";1 час назад
24;2-к квартира, 79.3 м², 9/17 эт.;https://www.avito.ru//tyumen/kvartiry/2-k_kvartira_79.3_m_917_et._1781854314;5 760 000  ₽;Мкр. «Правобережный», сданул. Мельникайте, д. 32р-н Центральный;"Группа компаний ""Дом""1 час назад";1 час назад
25;1-к квартира, 45.6 м², 8/14 эт.;https://www.avito.ru//tyumen/kvartiry/1-k_kvartira_45.6_m_814_et._1701053664;1 800 000  ₽;ЖК «Славутич»ул. 50 лет Октября, д. 75, корп. 4р-н Ленинский;Агентство1 час назад;1 час назад
26;1-к квартира, 30 м², 17/20 эт.;https://www.avito.ru//tyumen/kvartiry/1-k_kvartira_30_m_1720_et._1936553218;1 850 000  ₽;ЖК «Заречный»ул. Велижанская, д. 66р-н Центральный;Агентство1 час назад;1 час назад
27;1-к квартира, 38 м², 4/14 эт.;https://www.avito.ru//tyumen/kvartiry/1-k_kvartira_38_m_414_et._1874121225;2 750 000  ₽;ул. Мельникайте, 144Ар-н Калининский;8 часов назад;8 часов назад
28;Студия, 25 м², 13/19 эт.;https://www.avito.ru//tyumen/kvartiry/studiya_25_m_1319_et._1925169544;2 700 000  ₽;ул. Тимофея Чаркова, 28р-н Ленинский;Агентство1 час назад;1 час назад
29;Студия, 30 м², 12/20 эт.;https://www.avito.ru//tyumen/kvartiry/studiya_30_m_1220_et._1936767312;1 800 000  ₽;ЖК «Заречный»ул. Велижанская, д. 66р-н Центральный;Агентство1 час назад;1 час назад
30;2-к квартира, 53 м², 7/19 эт.;https://www.avito.ru//tyumen/kvartiry/2-k_kvartira_53_m_719_et._1962623147;3 000 000  ₽;ул. Тимофея Чарковар-н Ленинский;Агентство1 час назад;1 час назад
31;1-к квартира, 47.1 м², 16/16 эт.;https://www.avito.ru//tyumen/kvartiry/1-k_kvartira_47.1_m_1616_et._1776431410;2 800 000  ₽;ЖК «Солнечный город»ул. Мельникайте, д. 138Ар-н Калининский;Агентство2 часа назад;2 часа назад
32;1-к квартира, 43.9 м², 6/17 эт.;https://www.avito.ru//tyumen/kvartiry/1-k_kvartira_43.9_m_617_et._926040483;3 000 000  ₽;ЖК «Гармония»ул. Василия Подшибякина, д. 12, корп. 1р-н Калининский;2 часа назад;2 часа назад
33;Студия, 28 м², 12/16 эт.;https://www.avito.ru//tyumen/kvartiry/studiya_28_m_1216_et._1519481682;2 690 000  ₽;ЖК «Европейский квартал»ул. Газовиков, стр. 36/2, стр. 6р-н Центральный;Агентство2 часа назад;2 часа назад
34;1-к квартира, 47 м², 12/12 эт.;https://www.avito.ru//tyumen/kvartiry/1-k_kvartira_47_m_1212_et._1941278211;3 100 000  ₽;Мкр. «Звездный городок»ул. Алматинская, д. 4р-н Ленинский;Агентство2 часа назад;2 часа назад
35;1-к квартира, 79 м², 16/16 эт.;https://www.avito.ru//tyumen/kvartiry/1-k_kvartira_79_m_1616_et._1795453339;5 930 000  ₽;Квартал «Октябрьский»ул. Воронинская, д. 41р-н Калининский;Квартал «Октябрьский», застройщик Брусника3 часа назад;3 часа назад
36;1-к квартира, 39.9 м², 11/20 эт.;https://www.avito.ru//tyumen/kvartiry/1-k_kvartira_39.9_m_1120_et._1929532359;3 460 000  ₽;ул. Муравленкор-н Центральный;Агентство3 часа назад;3 часа назад
37;1-к квартира, 43.5 м², 4/9 эт.;https://www.avito.ru//tyumen/kvartiry/1-k_kvartira_43.5_m_49_et._1929458240;3 360 000  ₽;Мкр. «Видный»ул. Федюнинского, стр. 20р-н Восточный;Микрорайон «Видный», застройщик Брусника3 часа назад;3 часа назад
38;Студия, 26.6 м², 7/17 эт.;https://www.avito.ru//tyumen/kvartiry/studiya_26.6_m_717_et._1842938023;1 900 000  ₽;ЖК «Тесла Парк»ул. Ставропольская, д. 160р-н Калининский;Агентство3 часа назад;3 часа назад
39;2-к квартира, 70.5 м², 10/20 эт.;https://www.avito.ru//tyumen/kvartiry/2-k_kvartira_70.5_m_1020_et._1928970274;4 895 000  ₽;ул. Муравленкор-н Центральный;Агентство3 часа назад;3 часа назад
40;1-к квартира, 34.8 м², 3/24 эт.;https://www.avito.ru//tyumen/kvartiry/1-k_kvartira_34.8_m_324_et._1940169270;2 429 040  ₽;ЖК «Озёрный парк»ул. Комбинатская/Октябрьская, стр. 250р-н Калининский;Застройщик3 часа назад;3 часа назад
41;1-к квартира, 39.4 м², 3/10 эт.;https://www.avito.ru//tyumen/kvartiry/1-k_kvartira_39.4_m_310_et._1771938487;1 950 000  ₽;ЖК «Первый ключ»ул. Голышева, д. 6А, стр. 1, блок-секция 2.1р-н Центральный;Агентство4 часа назад;4 часа назад
42;3-к квартира, 84 м², 1/3 эт.;https://www.avito.ru//tyumen/kvartiry/3-k_kvartira_84_m_13_et._1914563719;4 800 000  ₽;ЖК «Зеленые аллеи»ул. Василия Борисова, д. 14р-н Калининский;Агентство недвижимости «СОВА»4 часа назад;4 часа назад
43;1-к квартира, 39 м², 6/17 эт.;https://www.avito.ru//tyumen/kvartiry/1-k_kvartira_39_m_617_et._1855939022;2 700 000  ₽;ЖК «Гармония»ул. Василия Подшибякина, д. 12р-н Калининский;4 часа назад;4 часа назад
44;2-к квартира, 61 м², 15/17 эт.;https://www.avito.ru//tyumen/kvartiry/2-k_kvartira_61_m_1517_et._1855707704;4 000 000  ₽;ЖК «Гармония»ул. Василия Подшибякина, д. 21р-н Калининский;4 часа назад;4 часа назад
45;1-к квартира, 33 м², 13/17 эт.;https://www.avito.ru//tyumen/kvartiry/1-k_kvartira_33_m_1317_et._1942766094;2 580 000  ₽;ЖК «Гармония»ул. Заполярная, д. 11р-н Калининский;Агентство4 часа назад;4 часа назад
46;Студия, 36 м², 7/14 эт.;https://www.avito.ru//tyumen/kvartiry/studiya_36_m_714_et._1818583212;2 000 000  ₽;ул. Новосёлов, 113р-н Калининский;4 часа назад;4 часа назад
47;Студия, 18 м², 8/17 эт.;https://www.avito.ru//tyumen/kvartiry/studiya_18_m_817_et._1924017910;1 590 000  ₽;Калининский округ, жилой комплекс Колумбр-н Калининский;4 часа назад;4 часа назад
48;1-к квартира, 39.7 м², 9/10 эт.;https://www.avito.ru//tyumen/kvartiry/1-k_kvartira_39.7_m_910_et._1949426369;2 323 000  ₽;ЖК «Акватория»ул. Павла Никольского, д. 4р-н Ленинский;"ООО ""СЗ СБК""4 часа назад";4 часа назад
49;1-к квартира, 36.8 м², 6/10 эт.;https://www.avito.ru//tyumen/kvartiry/1-k_kvartira_36.8_m_610_et._1948988305;2 152 000  ₽;ЖК «Акватория»ул. Павла Никольского, д. 4р-н Ленинский;"ООО ""СЗ СБК""4 часа назад";4 часа назад
50;1-к квартира, 46 м², 14/16 эт.;https://www.avito.ru//tyumen/kvartiry/1-k_kvartira_46_m_1416_et._1842081891;2 500 000  ₽;ЖР «Ново-Патрушево»ул. Александра Митинского/Федюнинского/Павла Шарова/Федюнинского, ЖР «Ново-Патрушево»р-н Восточный;ОАО Тюменская домостроительная компания2 часа назад;2 часа назад
51;1-к квартира, 34.8 м², 3/24 эт.;https://www.avito.ru//tyumen/kvartiry/1-k_kvartira_34.8_m_324_et._1940169270;2 429 040  ₽;ЖК «Озёрный парк»ул. Комбинатская/Октябрьская, стр. 250р-н Калининский;Застройщик3 часа назад;3 часа назад
52;3-к квартира, 92.6 м², 2/10 эт.;https://www.avito.ru//tyumen/kvartiry/3-k_kvartira_92.6_m_210_et._1949655439;5 276 000  ₽;ЖК «Акватория»ул. Павла Никольского, д. 2р-н Ленинский;"ООО ""СЗ СБК""4 часа назад";4 часа назад
53;Студия, 28.6 м², 22/24 эт.;https://www.avito.ru//tyumen/kvartiry/studiya_28.6_m_2224_et._1940581513;1 941 940  ₽;ЖК «Озёрный парк»ул. Комбинатская/Октябрьская, стр. 250р-н Калининский;Застройщик4 часа назад;4 часа назад
54;2-к квартира, 71.6 м², 7/10 эт.;https://www.avito.ru//tyumen/kvartiry/2-k_kvartira_71.6_m_710_et._1949763130;4 152 000  ₽;ЖК «Акватория»ул. Павла Никольского, д. 4р-н Ленинский;"ООО ""СЗ СБК""4 часа назад";4 часа назад
55;2-к квартира, 61.6 м², 14/14 эт.;https://www.avito.ru//tyumen/kvartiry/2-k_kvartira_61.6_m_1414_et._1769501222;3 388 000  ₽;ул. Клары Цеткин, 61р-н Калининский;23 часа назад;23 часа назад
56;1-к квартира, 34.7 м², 23/24 эт.;https://www.avito.ru//tyumen/kvartiry/1-k_kvartira_34.7_m_2324_et._1946219454;2 350 000  ₽;ЖК «Озёрный парк»ул. Комбинатская/Октябрьская, стр. 248р-н Калининский;Агентство недвижимости «СОВА»4 часа назад;4 часа назад
57;1-к квартира, 45.4 м², 7/16 эт.;https://www.avito.ru//tyumen/kvartiry/1-k_kvartira_45.4_m_716_et._1944245572;3 250 000  ₽;ЖК «Парковый»ул. Амурская, д. 39, блок-секция 1.4, 1.5р-н Калининский;Агентство4 часа назад;4 часа назад
58;1-к квартира, 33.9 м², 7/20 эт.;https://www.avito.ru//tyumen/kvartiry/1-k_kvartira_33.9_m_720_et._1935003766;2 540 000  ₽;ЖК «Заречный», 1 кв. 2021 годаул. Велижанская, д. 66р-н Центральный;Застройщик5 часов назад;5 часов назад
59;1-к квартира, 35.1 м², 6/20 эт.;https://www.avito.ru//tyumen/kvartiry/1-k_kvartira_35.1_m_620_et._1935305155;2 500 000  ₽;ЖК «Заречный», 1 кв. 2021 годаул. Велижанская, д. 66р-н Центральный;Застройщик5 часов назад;5 часов назад
60;Студия, 25 м², 6/20 эт.;https://www.avito.ru//tyumen/kvartiry/studiya_25_m_620_et._1935397613;1 850 000  ₽;ЖК «Заречный», 1 кв. 2021 годаул. Велижанская, д. 66р-н Центральный;Застройщик5 часов назад;5 часов назад
61;Студия, 30.6 м², 7/20 эт.;https://www.avito.ru//tyumen/kvartiry/studiya_30.6_m_720_et._1935265110;2 200 000  ₽;ЖК «Заречный», 1 кв. 2021 годаул. Велижанская, д. 66р-н Центральный;Застройщик5 часов назад;5 часов назад
62;1-к квартира, 29.2 м², 5/20 эт.;https://www.avito.ru//tyumen/kvartiry/1-k_kvartira_29.2_m_520_et._1935568260;2 220 000  ₽;ЖК «Заречный», 1 кв. 2021 годаул. Велижанская, д. 66р-н Центральный;Застройщик5 часов назад;5 часов назад
63;1-к квартира, 30.8 м², 4/20 эт.;https://www.avito.ru//tyumen/kvartiry/1-k_kvartira_30.8_m_420_et._1935047441;2 210 000  ₽;ЖК «Заречный»ул. Велижанская, д. 66р-н Центральный;Застройщик5 часов назад;5 часов назад
64;2-к квартира, 48.6 м², 4/20 эт.;https://www.avito.ru//tyumen/kvartiry/2-k_kvartira_48.6_m_420_et._1934999760;3 160 000  ₽;ЖК «Заречный», 1 кв. 2021 годаул. Велижанская, д. 66р-н Центральный;Застройщик5 часов назад;5 часов назад
65;Студия, 20.3 м², 5/20 эт.;https://www.avito.ru//tyumen/kvartiry/studiya_20.3_m_520_et._1935844091;1 690 000  ₽;ЖК «Заречный», 1 кв. 2021 годаул. Велижанская, д. 66р-н Центральный;Застройщик5 часов назад;5 часов назад
66;1-к квартира, 40.8 м², 3/20 эт.;https://www.avito.ru//tyumen/kvartiry/1-k_kvartira_40.8_m_320_et._1903523997;2 810 000  ₽;ЖК «Заречный», 1 кв. 2021 годаул. Велижанская, д. 66р-н Центральный;Застройщик5 часов назад;5 часов назад
67;2-к квартира, 58.2 м², 3/20 эт.;https://www.avito.ru//tyumen/kvartiry/2-k_kvartira_58.2_m_320_et._1903625477;4 380 000  ₽;ЖК «Заречный», 1 кв. 2021 годаул. Велижанская, д. 66р-н Центральный;Застройщик5 часов назад;5 часов назад
68;3-к квартира, 89.3 м², 15/16 эт.;https://www.avito.ru//tyumen/kvartiry/3-k_kvartira_89.3_m_1516_et._1905912026;4 550 000  ₽;ЖК «Олимпия»ул. Комбинатская, д. 54, корп. 1р-н Калининский;5 часов назад;5 часов назад
69;2-к квартира, 76 м², 5/20 эт.;https://www.avito.ru//tyumen/kvartiry/2-k_kvartira_76_m_520_et._1944601181;3 780 000  ₽;ЖК «Акварель»ул. Таврическая, д. 9, корп. 7р-н Калининский;Агентство5 часов назад;5 часов назад
70;2-к квартира, 76 м², 4/20 эт.;https://www.avito.ru//tyumen/kvartiry/2-k_kvartira_76_m_420_et._1946042046;3 850 000  ₽;ЖК «Акварель»ул. Таврическая, д. 9, корп. 7р-н Калининский;Агентство6 часов назад;6 часов назад
71;1-к квартира, 39 м², 11/18 эт.;https://www.avito.ru//tyumen/kvartiry/1-k_kvartira_39_m_1118_et._1881270231;2 350 000  ₽;ЖК «Славутич»ул. 50 лет Октября, д. 75, корп. 2р-н Ленинский;6 часов назад;6 часов назад
72;1-к квартира, 54.6 м², 4/7 эт.;https://www.avito.ru//tyumen/kvartiry/1-k_kvartira_54.6_m_47_et._1898813839;8 300 000  ₽;МДК «1А Первомайская», 2 кв. 2021 годаул. Первомайская/Советская, блок-секция Б3р-н Центральный;"Квартал ""1А Первомайская""6 часов назад";6 часов назад
73;3-к квартира, 137.6 м², 4/8 эт.;https://www.avito.ru//tyumen/kvartiry/3-k_kvartira_137.6_m_48_et._1898790964;20 300 000  ₽;МДК «1А Первомайская», 2 кв. 2021 годаул. Первомайская/Советская, блок-секция Б2р-н Центральный;"Квартал ""1А Первомайская""6 часов назад";6 часов назад
74;2-к квартира, 82.8 м², 3/7 эт.;https://www.avito.ru//tyumen/kvartiry/2-k_kvartira_82.8_m_37_et._1898507071;12 300 000  ₽;МДК «1А Первомайская», 2 кв. 2021 годаул. Первомайская/Советская, блок-секция Б3р-н Центральный;"Квартал ""1А Первомайская""6 часов назад";6 часов назад
75;2-к квартира, 113.5 м², 2/7 эт.;https://www.avito.ru//tyumen/kvartiry/2-k_kvartira_113.5_m_27_et._1898086609;17 400 000  ₽;МДК «1А Первомайская», 2 кв. 2021 годаул. Первомайская/Советская, блок-секция Б3р-н Центральный;"Квартал ""1А Первомайская""6 часов назад";6 часов назад
76;1-к квартира, 58.6 м², 1/10 эт.;https://www.avito.ru//tyumen/kvartiry/1-k_kvartira_58.6_m_110_et._1899651214;3 850 000  ₽;ЖК «Европейский квартал», 1 кв. 2023 годаул. Газовиков, д. 40р-н Центральный;Квартал «Европейский», застройщик Брусника6 часов назад;6 часов назад
77;3-к квартира, 122 м², 10/10 эт.;https://www.avito.ru//tyumen/kvartiry/3-k_kvartira_122_m_1010_et._1639172839;10 640 000  ₽;Квартал «Новин»ул. 50 лет Октября, д. 57Вр-н Ленинский;Квартал «Новин», застройщик Брусника6 часов назад;6 часов назад
78;2-к квартира, 96.7 м², 10/10 эт.;https://www.avito.ru//tyumen/kvartiry/2-k_kvartira_96.7_m_1010_et._1773827660;8 890 000  ₽;Квартал «Новин», 4 кв. 2020 годаул. 50 лет Октября, стр. 5р-н Ленинский;Квартал «Новин», застройщик Брусника6 часов назад;6 часов назад
79;Студия, 22 м², 2/16 эт.;https://www.avito.ru//tyumen/kvartiry/studiya_22_m_216_et._962692185;1 890 000  ₽;ЖК «Москва»ул. Новоселов, д. 111р-н Калининский;Агентство7 часов назад;7 часов назад
80;1-к квартира, 34 м², 14/16 эт.;https://www.avito.ru//tyumen/kvartiry/1-k_kvartira_34_m_1416_et._1888646535;2 750 000  ₽;Мкр. «Звездный городок»ул. Тимофея Чаркова, д. 79, корп. 1р-н Ленинский;17 часов назад;17 часов назад
81;1-к квартира, 39.4 м², 3/10 эт.;https://www.avito.ru//tyumen/kvartiry/1-k_kvartira_39.4_m_310_et._1946486967;2 000 000  ₽;ЖК «Первый ключ»ул. Голышева, д. 10р-н Центральный;Агентство недвижимости «СОВА»22 часа назад;22 часа назад
82;2-к квартира, 49 м², 16/18 эт.;https://www.avito.ru//tyumen/kvartiry/2-k_kvartira_49_m_1618_et._1935643352;3 100 000  ₽;ЖК «Заречный»ул. Велижанская, ЖК «Заречный»р-н Центральный;СОБСТВЕННИК8 часов назад;8 часов назад
83;1-к квартира, 48.3 м², 5/17 эт.;https://www.avito.ru//tyumen/kvartiry/1-k_kvartira_48.3_m_517_et._1781164006;3 760 000  ₽;Мкр. «Правобережный»ул. Мельникайте, д. 34, корп. 1р-н Центральный;"Группа компаний ""Дом""1 день назад";1 день назад
84;3-к квартира, 106.3 м², 16/17 эт.;https://www.avito.ru//tyumen/kvartiry/3-k_kvartira_106.3_m_1617_et._1781695076;7 420 000  ₽;Мкр. «Правобережный»ул. Мельникайте, д. 30, корп. 3р-н Центральный;"Группа компаний ""Дом""1 день назад";1 день назад
85;Студия, 28 м², 5/9 эт.;https://www.avito.ru//tyumen/kvartiry/studiya_28_m_59_et._1946101893;1 740 000  ₽;Общественный комплекс «SALUT» (САЛЮТ)ул. 2-ая Луговая, д. 22, корп. 1р-н Центральный;16 часов назад;16 часов назад
86;1-к квартира, 42.9 м², 12/17 эт.;https://www.avito.ru//tyumen/kvartiry/1-k_kvartira_42.9_m_1217_et._1918828147;3 399 000  ₽;ЖД «Фамилия»ул. Муравленко, д. 11р-н Центральный;16 часов назад;16 часов назад
87;2-к квартира, 56 м², 9/9 эт.;https://www.avito.ru//tyumen/kvartiry/2-k_kvartira_56_m_99_et._1945713811;4 100 000  ₽;Мкр. «Звездный городок»ул. Беляева, д. 33, корп. 2р-н Ленинский;16 часов назад;16 часов назад
88;4-к квартира, 92 м², 6/17 эт.;https://www.avito.ru//tyumen/kvartiry/4-k_kvartira_92_m_617_et._1811940731;6 999 999  ₽;ЖК «Европейский берег»ул. Газовиков, д. 73р-н Центральный;16 часов назад;16 часов назад
89;3-к квартира, 100.5 м², 1/16 эт.;https://www.avito.ru//tyumen/kvartiry/3-k_kvartira_100.5_m_116_et._1763305231;7 520 000  ₽;Квартал «Октябрьский»ул. Воронинская, д. 43р-н Калининский;Квартал «Октябрьский», застройщик Брусника19 часов назад;19 часов назад
90;3-к квартира, 82.3 м², 4/9 эт.;https://www.avito.ru//tyumen/kvartiry/3-k_kvartira_82.3_m_49_et._1865133719;5 840 000  ₽;Мкр. «Видный», 1 кв. 2022 годаул. Федюнинского, стр. 20р-н Восточный;Микрорайон «Видный», застройщик Брусника19 часов назад;19 часов назад
91;Студия, 18.4 м², 5/16 эт.;https://www.avito.ru//tyumen/kvartiry/studiya_18.4_m_516_et._1932509010;1 450 000  ₽;микрорайон Антипино, ул. Будённого, 1Ак1р-н Ленинский;19 часов назад;19 часов назад
92;Студия, 26.1 м², 6/13 эт.;https://www.avito.ru//tyumen/kvartiry/studiya_26.1_m_613_et._1946737148;2 530 000  ₽;ЖК «Европейский берег»ул. Газовиков, д. 73, корп. 1р-н Центральный;19 часов назад;19 часов назад
93;1-к квартира, 37.3 м², 1/10 эт.;https://www.avito.ru//tyumen/kvartiry/1-k_kvartira_37.3_m_110_et._1857843248;2 550 000  ₽;микрорайон Мыс, Судоремонтная ул., 28к2р-н Ленинский;19 часов назад;19 часов назад
94;2-к квартира, 46.8 м², 5/21 эт.;https://www.avito.ru//tyumen/kvartiry/2-k_kvartira_46.8_m_521_et._1909078376;4 300 000  ₽;ЖК «City Zen» (Сити Дзен)ул. Профсоюзная, д. 63р-н Центральный;Агентство20 часов назад;20 часов назад
95;Студия, 22.5 м², 8/10 эт.;https://www.avito.ru//tyumen/kvartiry/studiya_22.5_m_810_et._1921676168;1 370 000  ₽;ЖК «Москва»ул. Интернациональная, стр. 199р-н Калининский;Агентство20 часов назад;20 часов назад
96;2-к квартира, 52 м², 4/4 эт.;https://www.avito.ru//tyumen/kvartiry/2-k_kvartira_52_m_44_et._1842983285;3 000 000  ₽;СКАНДИА. Квартал у озераул. Лесобазовская/Западносибирская, жилые домар-н Ленинский;1 день назад;1 день назад
97;1-к квартира, 35.8 м², 10/10 эт.;https://www.avito.ru//tyumen/kvartiry/1-k_kvartira_35.8_m_1010_et._1948984523;2 596 000  ₽;ЖК «Акватория»ул. Павла Никольского, д. 2р-н Ленинский;"ООО ""СЗ СБК""21 час назад";21 час назад
98;3-к квартира, 92.7 м², 6/8 эт.;https://www.avito.ru//tyumen/kvartiry/3-k_kvartira_92.7_m_68_et._1912761871;7 490 000  ₽;ЖК «Речной порт», 1 кв. 2022 годаул. Профсоюзная, д. 6р-н Центральный;"Жилой район ""Речной порт"", застройщик Брусника21 час назад";21 час назад
99;3-к квартира, 91 м², 11/16 эт.;https://www.avito.ru//tyumen/kvartiry/3-k_kvartira_91_m_1116_et._1827779343;5 430 000  ₽;Квартал «Октябрьский», 2 кв. 2021 годаул. Воронинская, д. 41р-н Калининский;Квартал «Октябрьский», застройщик Брусника21 час назад;21 час назад
100;3-к квартира, 83 м², 4/9 эт.;https://www.avito.ru//tyumen/kvartiry/3-k_kvartira_83_m_49_et._1865622072;5 710 000  ₽;Мкр. «Видный», 1 кв. 2022 годаул. Федюнинского, стр. 20р-н Восточный;Микрорайон «Видный», застройщик Брусника21 час назад;21 час назад
101;3-к квартира, 88.6 м², 13/16 эт.;https://www.avito.ru//tyumen/kvartiry/3-k_kvartira_88.6_m_1316_et._1795573049;5 540 000  ₽;Квартал «Октябрьский», 2 кв. 2021 годаул. Воронинская, д. 41р-н Калининский;Квартал «Октябрьский», застройщик Брусника21 час назад;21 час назад
102;4-к квартира, 116.7 м², 1/16 эт.;https://www.avito.ru//tyumen/kvartiry/4-k_kvartira_116.7_m_116_et._1763338240;8 600 000  ₽;Квартал «Октябрьский»ул. Воронинская, д. 43р-н Калининский;Квартал «Октябрьский», застройщик Брусника21 час назад;21 час назад